"Step","SAbDab_Liberis + Token_Transformer - training loss","SAbDab_Liberis + Token_Transformer - training loss__MIN","SAbDab_Liberis + Token_Transformer - training loss__MAX","SAbDab_Liberis + Token_CNN_RNN - training loss","SAbDab_Liberis + Token_CNN_RNN - training loss__MIN","SAbDab_Liberis + Token_CNN_RNN - training loss__MAX","SAbDab_Liberis + Token_CNN - training loss","SAbDab_Liberis + Token_CNN - training loss__MIN","SAbDab_Liberis + Token_CNN - training loss__MAX"
"0","0.08629713207483292","0.0858054980635643","0.08678876608610153","0.09048027917742729","0.09024167060852051","0.09071888774633408","0.08709379658102989","0.08671241253614426","0.08747518062591553"
"2","0.08423030003905296","0.08391610532999039","0.08454449474811554","0.08811049535870552","0.0881098285317421","0.08811116218566895","0.07123985514044762","0.07082107663154602","0.07165863364934921"
"4","0.08398427814245224","0.08393111824989319","0.08403743803501129","0.06271182000637054","0.06081505864858627","0.06460858136415482","0.05833398178219795","0.0579831637442112","0.05868479982018471"
"6","0.08367044851183891","0.08344690501689911","0.08389399200677872","0.050129057839512825","0.049570128321647644","0.050687987357378006","0.050283242017030716","0.04989657178521156","0.05066991224884987"
"8","0.08374563604593277","0.08357448875904083","0.08391678333282471","0.044414037838578224","0.04339068382978439","0.045437391847372055","0.046147940680384636","0.04580546170473099","0.046490419656038284"
"10","0.08325188979506493","0.08293931931257248","0.08356446027755737","0.03614411503076553","0.03574945405125618","0.03653877601027489","0.042074743658304214","0.041405268013477325","0.042744219303131104"
"12","0.0838475301861763","0.0833815261721611","0.0843135342001915","0.02939644269645214","0.028517847880721092","0.03027503751218319","0.038757821545004845","0.03784215450286865","0.03967348858714104"
"14","0.08215262740850449","0.08201565593481064","0.08228959888219833","0.016765656881034374","0.01639348454773426","0.017137829214334488","0.03572898171842098","0.03509474918246269","0.03636321425437927"
"16","0.08265062421560287","0.08199417591094971","0.08330707252025604","0.01169520616531372","0.010059424676001072","0.01333098765462637","0.03290123865008354","0.032448120415210724","0.03335435688495636"
"18","0.08180425688624382","0.08113124966621399","0.08247726410627365","0.009261819534003735","0.007978558540344238","0.010545080527663231","0.030758257023990154","0.03055476024746895","0.03096175380051136"
"20","0.0817897841334343","0.08127380907535553","0.08230575919151306","0.007254945347085595","0.006502137985080481","0.00800775270909071","0.029030985198915005","0.028727060183882713","0.029334910213947296"
"22","0.08172189816832542","0.08105096966028214","0.08239282667636871","0.005835416028276086","0.0052579776383936405","0.006412854418158531","0.027174215763807297","0.026963800191879272","0.02738463133573532"
"24","0.0809960588812828","0.08076237887144089","0.08122973889112473","0.004446502076461911","0.0038793040439486504","0.005013700108975172","0.025472410023212433","0.025214627385139465","0.0257301926612854"
"26","0.08206158503890038","0.08117670565843582","0.08294646441936493","0.003307285951450467","0.003055186942219734","0.0035593849606812","0.024044173769652843","0.023163730278611183","0.024924617260694504"
"28","0.08087462559342384","0.08056368678808212","0.08118556439876556","0.0027251598658040166","0.0026936435606330633","0.00275667617097497","0.022594397887587547","0.021881693974137306","0.02330710180103779"
"30","0.08107452094554901","0.08092908561229706","0.08121995627880096","0.002278032014146447","0.0020962741691619158","0.0024597898591309786","0.02143304981291294","0.020521555095911026","0.022344544529914856"
"32","0.07993976399302483","0.07958552986383438","0.08029399812221527","0.002013859513681382","0.0019154524197801948","0.002112266607582569","0.02068388368934393","0.01938602328300476","0.021981744095683098"
"34","0.08123563602566719","0.08080083131790161","0.08167044073343277","0.0015346421860158443","0.0012981761246919632","0.0017711082473397255","0.020059848204255104","0.01858549378812313","0.021534202620387077"
"36","0.08032650873064995","0.07970093190670013","0.08095208555459976","0.0017528121243230999","0.0012505346676334739","0.002255089581012726","0.019075771793723106","0.017641961574554443","0.02050958201289177"
"38","0.08025156334042549","0.0799751877784729","0.08052793890237808","0.0017966597806662321","0.0016162870451807976","0.0019770325161516666","0.01864176895469427","0.01730441302061081","0.019979124888777733"
"40","0.08070565015077591","0.07996468991041183","0.08144661039113998","0.0016644543502479792","0.0013397217262536287","0.0019891869742423296","0.01760698016732931","0.015964878723025322","0.0192490816116333"
"42","0.08023306727409363","0.07977954298257828","0.08068659156560898","0.001940665242727846","0.0010434255236759782","0.0028379049617797136","0.017123940400779247","0.015446865931153297","0.018801014870405197"
"44","0.08052372187376022","0.0799172967672348","0.08113014698028564","0.001721113978419453","0.0015433585504069924","0.0018988694064319134","0.01642239186912775","0.015142524614930153","0.017702259123325348"
"46","0.08051615953445435","0.0800844058394432","0.08094791322946548","0.0012879277928732336","0.0007281284779310226","0.0018477271078154445","0.016711896285414696","0.015328653156757355","0.018095139414072037"
"48","0.0796181708574295","0.07874688506126404","0.08048945665359497","0.0022888922540005296","0.0008238341542892158","0.0037539503537118435","0.015367661137133837","0.01317149493843317","0.017563827335834503"
"50","0.08024830371141434","0.0801953375339508","0.08030126988887787","0.0010425315704196692","0.0009344244608655572","0.0011506386799737811","0.016355664003640413","0.014457476325333118","0.018253851681947708"
"52","0.0801706314086914","0.08015316724777222","0.0801880955696106","0.0009825413580983877","0.0004006512463092804","0.001564431469887495","0.015053291339427233","0.014785836450755596","0.01532074622809887"
"54","0.08067742735147476","0.07941939681768417","0.08193545788526535","0.000915113341761753","0.0005613875691778958","0.0012688391143456101","0.015590076334774494","0.0143121387809515","0.01686801388859749"
"56","0.08046379312872887","0.07983513176441193","0.0810924544930458","0.0016122779488796368","0.000337769539328292","0.0028867863584309816","0.012558507733047009","0.011877593584358692","0.013239421881735325"
"58","0.0794123150408268","0.07921256870031357","0.07961206138134003","0.0016100943903438747","0.0005022539990022779","0.0027179347816854715","0.011867356486618519","0.010989217087626457","0.01274549588561058"
"60","0.07947277277708054","0.0792626142501831","0.07968293130397797","0.0008808794373180717","0.0006415708339773118","0.0011201880406588316","0.011351339519023895","0.010388060472905636","0.012314618565142155"
"62","0.0798843502998352","0.07983780652284622","0.07993089407682419","0.00038242089794948697","0.00033266976242884994","0.000432172033470124","0.01051624771207571","0.009222965687513351","0.01180952973663807"
"64","0.07980484515428543","0.07937063276767731","0.08023905754089355","0.000877162630786188","0.0004565442504826933","0.0012977810110896826","0.01014623511582613","0.008550368249416351","0.011742101982235909"
"66","0.0798335038125515","0.0793006643652916","0.0803663432598114","0.0005078861868241802","0.00019466367666609585","0.0008211086969822645","0.010582529939711094","0.008877063170075417","0.012287996709346771"
"68","0.07978403195738792","0.07974943518638611","0.07981862872838974","0.0005627709324471653","0.0005551500362344086","0.0005703918286599219","0.01054447516798973","0.009249567054212093","0.011839383281767368"
"70","0.0798974446952343","0.07971148937940598","0.08008340001106262","0.000401600482291542","0.0002908325695898384","0.0005123683949932456","0.009532835334539413","0.008770139887928963","0.010295530781149864"
"72","0.07957448810338974","0.07862754166126251","0.08052143454551697","0.0007064785750117153","0.0004440906341187656","0.000968866515904665","0.012306817341595888","0.009364736266434193","0.015248898416757584"
"74","0.07925394922494888","0.0790189653635025","0.07948893308639526","0.0011300762416794896","0.0010600766399875283","0.001200075843371451","0.009242879692465067","0.00876760296523571","0.009718156419694424"
"76","0.07953903079032898","0.07880130410194397","0.08027675747871399","0.000729941442841664","0.00043903739424422383","0.001020845491439104","0.0089954505674541","0.007429489865899086","0.010561411269009113"
"78","0.07848676294088364","0.07843833416700363","0.07853519171476364","0.0004700211138697341","0.00013602824765257537","0.0008040139800868928","0.008327614516019821","0.006608895026147366","0.010046334005892277"
"80","0.07902437821030617","0.07817187905311584","0.07987687736749649","0.00028409395599737763","0.0001667341566644609","0.00040145375533029437","0.008668718161061406","0.006637836340814829","0.010699599981307983"
"82","0.07940061762928963","0.07845279574394226","0.080348439514637","0.0004974958137609065","0.00018107442883774638","0.0008139171986840665","0.00818018289282918","0.006735216826200485","0.009625148959457874"
"84","0.07876810431480408","0.07876483350992203","0.07877137511968613","0.0008049908210523427","0.0005958831170573831","0.0010140985250473022","0.007277613505721092","0.006815286818891764","0.007739940192550421"
"86","0.07883387804031372","0.07855044305324554","0.0791173130273819","0.0008588891723775305","0.0002009348972933367","0.0015168434474617243","0.007774432189762592","0.007652632892131805","0.00789623148739338"
"88","0.07875948771834373","0.07843557000160217","0.0790834054350853","0.0006714338232995942","0.0002340898208785802","0.0011087778257206082","0.008188454201444983","0.007277443539351225","0.009099464863538742"
"90","0.07856312394142151","0.07831843942403793","0.07880780845880508","0.00022602359240408987","0.00017775516607798636","0.0002742920187301934","0.008554028579965234","0.0077553740702569485","0.00935268308967352"
"92","0.07876412943005562","0.0780835822224617","0.07944467663764954","0.0003952306287828833","0.0003677094355225563","0.00042275182204321027","0.0068023898638784885","0.006598574575036764","0.007006205152720213"
"94","0.07847291603684425","0.077954962849617","0.0789908692240715","0.0006252061284612864","0.00006716017378494143","0.0011832520831376314","0.006648943526670337","0.005981487687677145","0.0073163993656635284"
"96","0.07841303572058678","0.07764238119125366","0.07918369024991989","0.00018478229685570113","0.0001041630093823187","0.00026540158432908356","0.007675203727558255","0.0069264317862689495","0.008423975668847561"
"98","0.07948023080825806","0.07912913709878922","0.0798313245177269","0.00017371268768329173","0.00016840353782754391","0.00017902183753903955","0.009156565414741635","0.0067854332737624645","0.011527697555720806"
"100","0.07790036126971245","0.07756244391202927","0.07823827862739563","0.0005724970251321793","0.000569308060221374","0.0005756859900429845","0.00662249606102705","0.005942497402429581","0.007302494719624519"
"102","0.07830986008048058","0.07787366956472397","0.07874605059623718","0.000563506007893011","0.00028897239826619625","0.0008380396175198257","0.009221003856509924","0.008352302946150303","0.010089704766869545"
"104","0.07768192887306213","0.07745007425546646","0.0779137834906578","0.00044971749593969434","0.000284932175418362","0.0006145028164610267","0.007364661665633321","0.005532932933419943","0.009196390397846699"
"106","0.07783546298742294","0.07778859883546829","0.0778823271393776","0.00022689795878250152","0.0002172180829802528","0.00023657783458475024","0.005789575167000294","0.004937791731208563","0.006641358602792025"
"108","0.07746787741780281","0.07700970023870468","0.07792605459690094","0.0010304975730832666","0.00022253248607739806","0.0018384626600891352","0.006857661763206124","0.00527417054399848","0.008441152982413769"
"110","0.07732591778039932","0.07722153514623642","0.07743030041456223","0.0001667845863266848","0.00010480458149686456","0.00022876459115650505","0.005209431052207947","0.004387416876852512","0.006031445227563381"
"112","0.0771741010248661","0.07656565308570862","0.07778254896402359","0.00011723110947059467","0.00008906448783818632","0.00014539773110300303","0.007356843678280711","0.004419207107275724","0.010294480249285698"
"114","0.07639911770820618","0.07601677626371384","0.07678145915269852","0.00009906219929689541","0.00008894299389794469","0.00010918140469584614","0.007976690772920847","0.004763161763548851","0.011190219782292843"
"116","0.07655013725161552","0.07630438357591629","0.07679589092731476","0.00008415440242970362","0.00007646681478945538","0.00009184199006995186","0.004782437346875668","0.0038929865695536137","0.0056718881241977215"
"118","0.07692230865359306","0.07664381712675095","0.07720080018043518","0.0001928859383042436","0.000078016564657446","0.0003077553119510412","0.004968899302184582","0.004965849686414003","0.00497194891795516"
"120","0.07664189860224724","0.07613314688205719","0.07715065032243729","0.00006728680818923749","0.000023643995518796146","0.00011092962085967883","0.0040983473882079124","0.003384412731975317","0.004812282044440508"
"122","0.07684274390339851","0.07669304311275482","0.0769924446940422","0.00006990044312260579","0.00004231017010170035","0.00009749071614351124","0.0035504120169207454","0.0034893318079411983","0.0036114922259002924"
"124","0.076596450060606","0.07649855315685272","0.07669434696435928","0.00010095216566696763","0.00009092889376915991","0.00011097543756477535","0.003942489041946828","0.0030538926366716623","0.004831085447221994"
"126","0.07624008134007454","0.07590142637491226","0.07657873630523682","0.00006956055585760623","0.00002254287392133847","0.000116578237793874","0.003421416273340583","0.002469258848577738","0.004373573698103428"
"128","0.07606661692261696","0.07534799724817276","0.07678523659706116","0.00014224188998923637","0.00007901794015197083","0.0002054658398265019","0.004861844703555107","0.002631482668220997","0.007092206738889217"
"130","0.07610156387090683","0.07596420496702194","0.07623892277479172","0.00008241980503953528","0.000035357745218789205","0.00012948186486028135","0.0036542651941999793","0.002487239660695195","0.004821290727704763"
"132","0.07553316280245781","0.07494073361158371","0.07612559199333191","0.000260677436926926","0.00002948453948192764","0.0004918703343719244","0.004500622628256679","0.0038032056763768196","0.0051980395801365376"
"134","0.07583566755056381","0.07564008980989456","0.07603124529123306","0.0001798986086214427","0.00004926670953864232","0.00031053050770424306","0.003727976931259036","0.0027327602729201317","0.0047231935895979404"
"136","0.07639122754335403","0.07579238712787628","0.07699006795883179","0.00008047378287301399","0.00006174525333335623","0.00009920231241267174","0.0028997752815485","0.0028051957488059998","0.0029943548142910004"
"138","0.07502283900976181","0.07495444267988205","0.07509123533964157","0.00043750176700996235","0.00019218686793465167","0.000682816666085273","0.003147522220388055","0.0031019910238683224","0.0031930534169077873"
"140","0.07533469051122665","0.07505951076745987","0.07560987025499344","0.00006983597450016532","0.000035367065720492974","0.00010430488327983767","0.003279388416558504","0.003003761637955904","0.003555015195161104"
"142","0.0748843178153038","0.07471419125795364","0.07505444437265396","0.00018284878024132922","0.00012687024718616158","0.00023882731329649687","0.0030330094741657376","0.0029699814040213823","0.003096037544310093"
"144","0.07504654303193092","0.0737040713429451","0.07638901472091675","0.0003241107187932357","0.0002042365085799247","0.00044398492900654674","0.004064730019308627","0.0038622792344540358","0.0042671808041632175"
"146","0.074059147387743","0.07347565144300461","0.07464264333248138","0.00005961183342151344","0.000021374122297856957","0.00009784954454516992","0.002975060255266726","0.00296790711581707","0.002982213394716382"
"148","0.07400922477245331","0.07386883348226547","0.07414961606264114","0.00007662209100089967","0.00007570876914542168","0.00007753541285637766","0.0029826218960806727","0.002272723475471139","0.0036925203166902065"
"150","0.07469229772686958","0.0743168294429779","0.07506776601076126","0.0001366887408948969","0.00003092662518611178","0.00024245085660368204","0.0036156948190182447","0.0032001067884266376","0.004031282849609852"
"152","0.07494067028164864","0.0747264102101326","0.07515493035316467","0.00008537192843505181","0.00003215127071598545","0.00013859258615411818","0.0029033777536824346","0.0024979899171739817","0.0033087655901908875"
"154","0.07476574927568436","0.0746641531586647","0.07486734539270401","0.00006064663830329664","0.000043988060497213155","0.00007730521610938013","0.0032563923159614205","0.0032079946249723434","0.0033047900069504976"
"156","0.0744965560734272","0.07409541308879852","0.07489769905805588","0.0013533738965634257","0.00005389103898778558","0.0026528567541390657","0.0032641415018588305","0.0025762543082237244","0.0039520286954939365"
"158","0.07416627556085587","0.07384102791547775","0.07449152320623398","0.00007623668716405518","0.000054041462135501206","0.00009843191219260916","0.004049052484333515","0.0032101660035550594","0.004887938965111971"
"160","0.07435096800327301","0.07344302535057068","0.07525891065597534","0.00011737433669622988","0.00011678955343086272","0.00011795911996159703","0.005067192716524005","0.004260133486241102","0.005874251946806908"
"162","0.07405029609799385","0.07348994165658951","0.0746106505393982","0.00011851111776195467","0.00009686932025942951","0.00014015291526447982","0.0034190386068075895","0.002617578487843275","0.004220498725771904"
"164","0.07381018996238708","0.07332383096218109","0.07429654896259308","0.00041591155240894295","0.00005071872874395922","0.0007811043760739267","0.0031539604533463717","0.002841837704181671","0.003466083202511072"
"166","0.07472668588161469","0.07391499727964401","0.07553837448358536","0.00016615887579973787","0.00008954961958806962","0.00024276813201140612","0.0024673170992173254","0.0017368633998557925","0.0031977707985788584"
"168","0.07315192371606827","0.07299989461898804","0.0733039528131485","0.00007031000859569758","0.00005582342419074848","0.00008479659300064668","0.0031001202296465635","0.002821905305609107","0.00337833515368402"
"170","0.07486294582486153","0.07456314563751221","0.07516274601221085","0.000054998972700559534","0.00004386694126878865","0.00006613100413233042","0.003181819338351488","0.0028979023918509483","0.003465736284852028"
"172","0.07397457584738731","0.0733792632818222","0.07456988841295242","0.00007981446560734184","0.00002758543450909201","0.00013204349670559168","0.00344904453959316","0.002599617699161172","0.004298471380025148"
"174","0.07305090501904488","0.07196415215730667","0.07413765788078308","0.00010215263864665758","0.000049545862566446885","0.00015475941472686827","0.0030263417866081","0.002526242518797517","0.003526441054418683"
"176","0.07384530454874039","0.07284501940011978","0.07484558969736099","0.0002938597808679333","0.000016382731701014563","0.000571336830034852","0.0036557276034727693","0.003031071973964572","0.004280383232980967"
"178","0.07355037704110146","0.07288006693124771","0.0742206871509552","0.0001452081742172595","0.00011604428436839953","0.0001743720640661195","0.0053083638194948435","0.005019098054617643","0.005597629584372044"
"180","0.07351227849721909","0.07341527193784714","0.07360928505659103","0.00040553098006057553","0.00004077716585015878","0.0007702847942709923","0.006392775685526431","0.003839958691969514","0.008945592679083347"
"182","0.0748252123594284","0.07335641235113144","0.07629401236772537","0.0007916293570815469","0.00001674585473665502","0.0015665128594264388","0.006002773414365947","0.0028368716593831778","0.009168675169348717"
"184","0.07321995124220848","0.07181328535079956","0.0746266171336174","0.0002367863926338032","0.00022874836577102542","0.00024482441949658096","0.008327424060553312","0.005458018742501736","0.011196829378604889"
"186","0.07404732704162598","0.07377190887928009","0.07432274520397186","0.00039956352975423215","0.000017316973753622733","0.0007818100857548416","0.010019641602411866","0.007213709410279989","0.012825573794543743"
"188","0.07407429441809654","0.07295653969049454","0.07519204914569855","0.00001794369450180966","0.000006303851023403695","0.000029583537980215624","0.007630239240825176","0.004285958595573902","0.01097451988607645"
"190","0.07481148466467857","0.07327181845903397","0.07635115087032318","0.000030655719456262887","0.000019177932699676603","0.00004213350621284917","0.007711005746386945","0.003024222096428275","0.012397789396345615"
"192","0.0732785165309906","0.072109654545784","0.0744473785161972","0.00017901461615110748","0.000033152980904560536","0.0003248762513976544","0.002422058954834938","0.001990550197660923","0.002853567712008953"
"194","0.07325487956404686","0.07213243097066879","0.07437732815742493","0.00025068466129596345","0.00009752934420248494","0.00040383997838944197","0.002975241281092167","0.0024098034482449293","0.0035406791139394045"
"196","0.07254103571176529","0.0708317831158638","0.07425028830766678","0.00003934264441340929","0.000029826280297129415","0.00004885900852968916","0.002016672631725669","0.0019739314448088408","0.002059413818642497"
"198","0.0733606107532978","0.0726432129740715","0.07407800853252411","0.00009000044519780204","0.000026782247005030513","0.00015321864339057356","0.0021017291583120823","0.0017325128428637981","0.0024709454737603664"
"200","0.07360723242163658","0.07290113717317581","0.07431332767009735","0.00007398989509965759","0.000019683353457367048","0.00012829643674194813","0.0020243797334842384","0.00177560665179044","0.0022731528151780367"
"202","0.07287099584937096","0.07159678637981415","0.07414520531892776","0.000028876862415927462","0.000026351812266511843","0.00003140191256534308","0.0020667053177021444","0.001946461503393948","0.0021869491320103407"
"204","0.07320288941264153","0.07194428145885468","0.07446149736642838","0.000043692823965102434","0.000031580260838381946","0.00005580538709182292","0.002157295064534992","0.0016209540190175176","0.0026936361100524664"
"206","0.07319213449954987","0.0713464617729187","0.07503780722618103","0.00009319750461145304","0.00007520939834648743","0.00011118561087641865","0.0020093053462915123","0.0017012091120705009","0.0023174015805125237"
"208","0.07289539650082588","0.07175213098526001","0.07403866201639175","0.00004751682536152657","0.00004624917346518487","0.000048784477257868275","0.001853443682193756","0.001786428620107472","0.0019204587442800403"
"210","0.07251140475273132","0.07182105630636215","0.0732017531991005","0.00007664510121685453","0.00007241791172418743","0.00008087229070952162","0.001963321410585195","0.0013880775077268481","0.0025385653134435415"
"212","0.07221299037337303","0.07118252664804459","0.07324345409870148","0.00008917724881030153","0.00004336652273195796","0.0001349879748886451","0.001854889385867864","0.0015564780915156007","0.002153300680220127"
"214","0.07273668795824051","0.07200228422880173","0.07347109168767929","0.00001735239152367285","0.000006713426500937203","0.000027991356546408497","0.0013282508589327335","0.0011663184268400073","0.0014901832910254598"
"216","0.07261526584625244","0.07252822071313858","0.0727023109793663","0.00006455543734773528","0.000042711228161351755","0.0000863996465341188","0.002252063131891191","0.0015850178897380829","0.002919108374044299"
"218","0.07273392751812935","0.07216158509254456","0.07330626994371414","0.0001531266279926058","0.00006780679541407153","0.00023844646057114005","0.002216154127381742","0.0021974164992570877","0.0022348917555063963"
"220","0.07216081395745277","0.07133858650922775","0.0729830414056778","0.00009348723688162863","0.00006777772068744525","0.00011919675307581201","0.0014342408394441009","0.0014029471203684807","0.001465534558519721"
"222","0.07345344126224518","0.0727676972746849","0.07413918524980545","0.0005221387255005538","0.00006729818414896727","0.0009769792668521404","0.001980014145374298","0.0012935739941895008","0.0026664542965590954"
"224","0.07167692482471466","0.0708434134721756","0.07251043617725372","0.00042618279985617846","0.0003893309913109988","0.00046303460840135813","0.0018149796524085104","0.0012422172585502267","0.002387742046266794"
"226","0.07197678461670876","0.07123906910419464","0.07271450012922287","0.00023509530728915706","0.00019186724966857582","0.0002783233649097383","0.0017221244052052498","0.0014407215639948845","0.002003527246415615"
"228","0.07150207087397575","0.07076045870780945","0.07224368304014206","0.00034910848262370564","0.00006247213605092838","0.0006357448291964829","0.0019706939347088337","0.0015830532647669315","0.002358334604650736"
"230","0.07213063538074493","0.07178853452205658","0.07247273623943329","0.00013248592358650058","0.00001268476898985682","0.00025228707818314433","0.0016877156449481845","0.001333065563812852","0.002042365726083517"
"232","0.07248056679964066","0.0715356320142746","0.07342550158500671","0.00009993643470807001","0.0000034328404581174254","0.0001964400289580226","0.0021577742882072926","0.001347714802250266","0.002967833774164319"
"234","0.07213785871863365","0.0712738037109375","0.0730019137263298","0.000033882637580973096","0.000033837248338386416","0.000033928026823559776","0.002022639790084213","0.001574789290316403","0.002470490289852023"
"236","0.0711422897875309","0.07098641246557236","0.07129816710948944","0.000023572836653329432","0.000011186835763510317","0.00003595883754314855","0.0014138795086182654","0.001251624315045774","0.0015761347021907568"
"238","0.07163205742835999","0.07087241113185883","0.07239170372486115","0.00017863090033642948","0.0001482051593484357","0.00020905664132442325","0.0013560933875851333","0.0013504567323252559","0.0013617300428450108"
"240","0.0714615061879158","0.07100945711135864","0.07191355526447296","0.0001458386323065497","0.0001060323411365971","0.0001856449234765023","0.001638103392906487","0.0014421648811548948","0.0018340419046580791"
"242","0.07214999943971634","0.07114798575639725","0.07315201312303543","0.0001090357945940923","0.00002177310670958832","0.00019629848247859627","0.0023583995644003153","0.002003318164497614","0.0027134809643030167"
"244","0.07286608219146729","0.07228905707597733","0.07344310730695724","0.00007154893683036789","0.00001715109101496637","0.00012594678264576942","0.002652916591614485","0.0020509299356490374","0.003254903247579932"
"246","0.07215141505002975","0.07126570492982864","0.07303712517023087","0.0001445982270524837","0.0001409777905791998","0.00014821866352576762","0.0019912929856218398","0.0012727220309898257","0.002709863940253854"
"248","0.07125808671116829","0.07046017795801163","0.07205599546432495","0.00012024795796605758","0.00007056524191284552","0.00016993067401926965","0.001982144662179053","0.001955189974978566","0.0020090993493795395"
"250","0.07095656171441078","0.07022175192832947","0.0716913715004921","0.0004311035227146931","0.0001431798009434715","0.0007190272444859147","0.002144788100849837","0.001924247364513576","0.002365328837186098"
"252","0.07217669486999512","0.07162734866142273","0.0727260410785675","0.00020543564824038185","0.00003377613757038489","0.0003770951589103788","0.002207973855547607","0.0021993794944137335","0.0022165682166814804"
"254","0.0719509981572628","0.07038527727127075","0.07351671904325485","0.00003533295057422947","0.000018638733308762312","0.00005202716783969663","0.0015670323045924306","0.001446794718503952","0.0016872698906809092"
"256","0.07284951582551003","0.07224396616220474","0.07345506548881531","0.000022351740881276783","0.00002196568311774172","0.000022737798644811846","0.0027381025720387697","0.0023317120503634214","0.003144493093714118"
"258","0.0721147172152996","0.07120487838983536","0.07302455604076385","0.00005312435678206384","0.000047121102397795767","0.00005912761116633192","0.0017230905359610915","0.0013924047816544771","0.002053776290267706"
"260","0.0722801573574543","0.07162467390298843","0.07293564081192017","0.00010492839646758512","0.00003358667891006917","0.00017627011402510107","0.0019220688845962286","0.001775848912075162","0.0020682888571172953"
"262","0.07175563648343086","0.07168565690517426","0.07182561606168747","0.0001373215600324329","0.0000827397670946084","0.0001919033529702574","0.0016838297597132623","0.0016546548577025533","0.0017130046617239714"
"264","0.07219667360186577","0.07065518200397491","0.07373816519975662","0.00005295613368616614","0.000004749899289890891","0.00010116236808244139","0.0018887610058300197","0.0017488767625764012","0.002028645249083638"
"266","0.07090213522315025","0.07029745727777481","0.0715068131685257","0.000037893794797128066","0.000013989258150104433","0.0000617983314441517","0.0021712545421905816","0.0019078523619100451","0.002434656722471118"
"268","0.07129694148898125","0.0702848881483078","0.0723089948296547","0.00024175634007406188","0.000020570272681652568","0.0004629424074664712","0.001762007363140583","0.001676906831562519","0.001847107894718647"
"270","0.07095031440258026","0.07030773162841797","0.07159289717674255","0.00006788582504668739","0.00006098938683862798","0.0000747822632547468","0.0016655235667712986","0.0012436717515811324","0.002087375381961465"
"272","0.07116195932030678","0.07040027529001236","0.0719236433506012","0.00008399359103350434","0.000027070553187513724","0.00014091662887949497","0.00197238358668983","0.0017723524942994118","0.002172414679080248"
"274","0.07083454355597496","0.07036750763654709","0.07130157947540283","0.0003668138560897205","0.00009739102824823931","0.0006362366839312017","0.0020867051789537072","0.0012792423367500305","0.002894168021157384"
"276","0.07104715704917908","0.0699378103017807","0.07215650379657745","0.00015402569079014938","0.000038355003198375925","0.00026969637838192284","0.003537263779435307","0.0017225771443918347","0.005351950414478779"
"278","0.07068949937820435","0.06967354565858841","0.07170545309782028","0.0001439871539332671","0.000043448959331726655","0.00024452534853480756","0.002056146040558815","0.0018676365725696087","0.0022446555085480213"
"280","0.07143215462565422","0.07035262882709503","0.07251168042421341","0.00005025323662266601","0.00002446842336212285","0.00007603804988320917","0.0019392845570109785","0.0018709023715928197","0.0020076667424291372"
"282","0.07177618891000748","0.07125381380319595","0.072298564016819","0.00008868244367477018","0.00002776702240225859","0.00014959786494728178","0.002727423678152263","0.002077104989439249","0.0033777423668652773"
"284","0.07184217870235443","0.07137277722358704","0.07231158018112183","0.000306389822071651","0.000043810643546748906","0.0005689690005965531","0.0023694800911471248","0.002294534584507346","0.0024444255977869034"
"286","0.07214973866939545","0.07175549864768982","0.07254397869110107","0.0003215414362784941","0.00006883856985950842","0.0005742443026974797","0.002114498522132635","0.0018964807968586683","0.002332516247406602"
"288","0.07047636434435844","0.06971418112516403","0.07123854756355286","0.00012296808563405648","0.00009829875489231199","0.00014763741637580097","0.001842483296059072","0.0015496304258704185","0.0021353361662477255"
"290","0.07237343490123749","0.07118295878171921","0.07356391102075577","0.00022977798835199792","0.00005758818952017464","0.0004019677871838212","0.003888114937581122","0.0037476380821317434","0.0040285917930305"
"292","0.07133257389068604","0.0711144357919693","0.07155071198940277","0.00002641615446918877","0.000019899305698345415","0.00003293300324003212","0.0018538199947215617","0.0015705331461504102","0.002137106843292713"
"294","0.07098906114697456","0.06991135329008102","0.0720667690038681","0.00007019804615993053","0.00004835050640394911","0.00009204558591591194","0.0022209046874195337","0.002206834265962243","0.0022349751088768244"
"296","0.0715620145201683","0.07002711296081543","0.07309691607952118","0.00016836450959090143","0.00013211439363658428","0.0002046146255452186","0.0030917112017050385","0.0030227729585021734","0.0031606494449079037"
"298","0.07070866599678993","0.07004528492689133","0.07137204706668854","0.00006832728740846505","0.000011229623851249926","0.00012542495096568018","0.0021968932123854756","0.0017446456477046013","0.00264914077706635"
"300","0.07219604030251503","0.07181335985660553","0.07257872074842453","0.00005082220104668522","0.000025519317205180414","0.00007612508488819003","0.0013954716268926859","0.001048312638886273","0.0017426306148990989"
"302","0.07178205624222755","0.0717119500041008","0.07185216248035431","0.00001640666687308112","0.000010239935363642871","0.000022573398382519372","0.0025755363749340177","0.0018953680992126465","0.003255704650655389"
"304","0.07146208360791206","0.07093142718076706","0.07199274003505707","0.00010162511171074584","0.0000370679481420666","0.00016618227527942508","0.002893611555919051","0.0027112290263175964","0.003075994085520506"
"306","0.0701913945376873","0.06798166781663895","0.07240112125873566","0.00003743175238923868","0.000027932941520703025","0.00004693056325777434","0.0018030991777777672","0.0016787622589617968","0.0019274360965937376"
"308","0.07128782942891121","0.07021301984786987","0.07236263900995255","0.00006109787136665545","0.00004166276630712673","0.00008053297642618418","0.0020571534987539053","0.0017790328711271286","0.002335274126380682"
"310","0.0713421031832695","0.0698782205581665","0.0728059858083725","0.000042263588511559647","0.000021238416593405418","0.00006328876042971388","0.001690523000434041","0.0014840045478194952","0.0018970414530485868"
"312","0.07048719003796577","0.06960827857255936","0.07136610150337219","0.00017467567431594944","0.00001075537693395745","0.0003385959716979414","0.0020905015990138054","0.002058817306533456","0.002122185891494155"
"314","0.07019587978720665","0.06904688477516174","0.07134487479925156","0.00011493770944071002","0.000020150757336523384","0.00020972466154489666","0.0016740138526074588","0.0010975926415994763","0.0022504350636154413"
"316","0.0708347037434578","0.07056689262390137","0.07110251486301422","0.00004897621658983553","0.0000030041694571991684","0.00009494826372247189","0.0015056668780744076","0.001194770447909832","0.0018165633082389832"
"318","0.07156801596283913","0.07103058695793152","0.07210544496774673","0.000009589959290678962","0.000004472537966648815","0.000014707380614709109","0.0015512094250880182","0.0015292851021513343","0.001573133748024702"
"320","0.06997237354516983","0.06908541172742844","0.07085933536291122","0.00003342473019074532","0.000004152569999860134","0.00006269689038163051","0.0015344953862950206","0.0014946291921660304","0.0015743615804240108"
"322","0.07003958523273468","0.0691818818449974","0.07089728862047195","0.000030069523063502857","0.000003129935521428706","0.00005700911060557701","0.0013445456279441714","0.001135098747909069","0.0015539925079792738"
"324","0.06966894492506981","0.06862521171569824","0.07071267813444138","0.000020657359300457756","0.0000034627714740054216","0.00003785194712691009","0.0017116760718636215","0.0012905887560918927","0.0021327633876353502"
"326","0.0701802521944046","0.06949209421873093","0.07086841017007828","0.0001644285350721475","0.0000044096054807596374","0.00032444746466353536","0.0016971022705547512","0.0016667078016325831","0.0017274967394769192"
"328","0.07060062885284424","0.06969243288040161","0.07150882482528687","0.000021679843939637067","0.00001084757695934968","0.00003251211091992445","0.003417057392653078","0.0015356087824329734","0.005298506002873182"
"330","0.07012683525681496","0.06911013275384903","0.07114353775978088","0.00005297753497757185","8.845012757774384e-7","0.00010507056867936626","0.001883707009255886","0.0010785553604364395","0.0026888586580753326"
"332","0.07015251740813255","0.06968289613723755","0.07062213867902756","0.000018240608369524125","0.0000087486878328491","0.00002773252890619915","0.0018665381358005106","0.001332291285507381","0.0024007849860936403"
"334","0.06978064030408859","0.06882978975772858","0.07073149085044861","0.000030302959032724175","0.0000015611655044267536","0.000059044752561021596","0.004506842757109553","0.0010805717902258039","0.007933113723993301"
"336","0.06928590685129166","0.06869382411241531","0.069877989590168","0.000024849769033608027","0.000005780992069048807","0.000043918545998167247","0.002542198053561151","0.0015227871481329203","0.003561608958989382"
"338","0.06978848949074745","0.0687190592288971","0.07085791975259781","0.000019775427006152313","0.0000018612298617881606","0.000037689624150516465","0.0021715433103963733","0.0017004003748297691","0.0026426862459629774"
"340","0.06977121904492378","0.06844096630811691","0.07110147178173065","0.000016347977577879647","0.000001534698526484135","0.00003116125662927516","0.0019096389296464622","0.001201949897222221","0.0026173279620707035"
"342","0.06940837949514389","0.06784652918577194","0.07097022980451584","0.00001552051770659091","0.000001455025426366774","0.000029586009986815043","0.0015991725958883762","0.0015353545313701034","0.0016629906604066491"
"344","0.07062030583620071","0.07043599337339401","0.07080461829900742","0.000013464656092310179","0.0000016422380895164679","0.00002528707409510389","0.0012987326481379569","0.0012870903592556715","0.0013103749370202422"
"346","0.06974853202700615","0.06894068419933319","0.07055637985467911","0.000014089751630308456","0.000001150812295236392","0.00002702869096538052","0.0017681964673101902","0.001585369580425322","0.0019510233541950583"
"348","0.0712612196803093","0.07049532234668732","0.07202711701393127","0.000007522340865762089","0.0000011115857887489256","0.000013933095942775253","0.0014030258171260357","0.0010595130734145641","0.0017465385608375072"
"350","0.07086662948131561","0.06756418198347092","0.07416907697916031","0.000005322102424543118","0.0000022815065676695667","0.00000836269828141667","0.0014466094435192645","0.0014140328858047724","0.0014791860012337565"
"352","0.0700310543179512","0.06943206489086151","0.0706300437450409","0.000005803251610814186","0.000001610644403626793","0.00000999585881800158","0.001781391620170325","0.001381582929752767","0.002181200310587883"
"354","0.07016286253929138","0.06845274567604065","0.07187297940254211","0.000015112362291347381","0.0000018222564222014626","0.0000284024681604933","0.001201887265779078","0.0010635305661708117","0.0013402439653873444"
"356","0.07150677591562271","0.06942848116159439","0.07358507066965103","0.000008654976113575685","0.0000010136097898794105","0.00001629634243727196","0.0016885471413843334","0.0010111647425219417","0.002365929540246725"
"358","0.07036686316132545","0.06752270460128784","0.07321102172136307","0.000008282106193746586","0.0000017163357597382856","0.000014847876627754886","0.0011523494613356888","0.0010578744113445282","0.0012468245113268495"
"360","0.06894022971391678","0.06825583428144455","0.06962462514638901","0.000005539197275084007","0.0000015116280565052875","0.000009566766493662726","0.0013274417724460363","0.001195481396280229","0.0014594021486118436"
"362","0.06926145032048225","0.06860609352588654","0.06991680711507797","0.00000856432711771049","0.000005694396804756252","0.00001143425743066473","0.0013863123604096472","0.0013850894756615162","0.0013875352451577783"
"364","0.07010368630290031","0.06892061233520508","0.07128676027059555","0.000011837821148219518","0.000008999491001304705","0.000014676151295134332","0.001275104470551014","0.0010831474792212248","0.001467061461880803"
"366","0.06924961507320404","0.06789884716272354","0.07060038298368454","0.000014259685030992841","0.000007243153049785178","0.000021276217012200505","0.0012782722478732467","0.0011085271835327148","0.0014480173122137785"
"368","0.06884216889739037","0.06845289468765259","0.06923144310712814","0.0007927816091068962","0.000009643418707128149","0.0015759197995066643","0.0012021971633657813","0.0009853887604549527","0.00141900556627661"
"370","0.07041635736823082","0.06956761330366135","0.07126510143280029","0.00015200329630715714","0.000004878558229393093","0.0002991280343849212","0.0014829508727416396","0.0012784216087311506","0.0016874801367521286"
"372","0.07144556567072868","0.0703800842165947","0.07251104712486267","0.000043471802200656384","0.000007376365829259157","0.00007956723857205361","0.0017091698246076703","0.0016357859130948782","0.0017825537361204624"
"374","0.06976073980331421","0.06865302473306656","0.07086845487356186","0.00002823113936756272","0.000017944730643648654","0.00003851754809147678","0.001158346130978316","0.001071916427463293","0.001244775834493339"
"376","0.0702032633125782","0.06899744272232056","0.07140908390283585","0.000008364515224457136","0.0000030190462894097436","0.000013709984159504529","0.0013633909402415156","0.0012277505593374372","0.0014990313211455941"
"378","0.06864963844418526","0.06842204928398132","0.06887722760438919","0.000008115108016681916","0.000002733018163780798","0.000013497197869583033","0.0012184142833575606","0.0011997766559943557","0.0012370519107207656"
"380","0.06910822913050652","0.06852827221155167","0.06968818604946136","0.000008949191851570504","0.0000069615734901162796","0.000010936810213024728","0.0017821824876591563","0.0014291300904005766","0.002135234884917736"
"382","0.06911034509539604","0.0684560015797615","0.06976468861103058","0.000017319118796876865","0.000010921296961896587","0.000023716940631857142","0.0014955417136661708","0.0012335415231063962","0.0017575419042259455"
"384","0.07003907859325409","0.06920987367630005","0.07086828351020813","0.00008440715077995264","0.000003567132353055058","0.00016524716920685023","0.001541032746899873","0.001309807295911014","0.001772258197888732"
"386","0.069569431245327","0.06830136477947235","0.07083749771118164","0.00000391619732909021","0.0000032934735827439","0.0000045389210754365195","0.0014733623247593641","0.0009998760651797056","0.0019468485843390226"
"388","0.0694303922355175","0.06808193027973175","0.07077885419130325","0.00009033370633915183","0.000004247806828061584","0.00017641960585024208","0.002191890962421894","0.0020989137701690197","0.0022848681546747684"
"390","0.06980545073747635","0.06962133944034576","0.06998956203460693","0.000009381405334352166","0.0000024634887267893646","0.000016299321941914968","0.0014038364752195776","0.0010441613849252462","0.0017635115655139089"
"392","0.06854004040360451","0.06823668628931046","0.06884339451789856","0.00003211764339994261","0.0000028057809231540887","0.00006142950587673113","0.0017044503474608064","0.0015378075186163187","0.001871093176305294"
"394","0.06950126588344574","0.06938090920448303","0.06962162256240845","0.00010733330964285415","0.00005543029328691773","0.00015923632599879056","0.0018947935895994306","0.0013678795658051968","0.0024217076133936644"
"396","0.06726834550499916","0.06681764125823975","0.06771904975175858","0.00005357968279895431","0.000004583700956573011","0.0001025756646413356","0.001505891210399568","0.0013568479334935546","0.0016549344873055816"
"398","0.07100400701165199","0.07083693146705627","0.07117108255624771","0.00009540189165591073","0.0000018968443100675358","0.00018890693900175393","0.0014494735514745116","0.0014432277530431747","0.0014557193499058485"
"400","0.06900421902537346","0.06889113783836365","0.06911730021238327","0.00006210711245557832","0.0000015092160765561857","0.00012270500883460045","0.0030307838460430503","0.0012849948834627867","0.004776572808623314"
"402","0.06922600418329239","0.06729456037282944","0.07115744799375534","0.00007299283743122942","0.000004440912562131416","0.00014154476230032742","0.0016613923362456262","0.001385892741382122","0.0019368919311091304"
"404","0.06911744922399521","0.06742740422487259","0.07080749422311783","0.000016164545627361804","0.000002806913244057796","0.00002952217801066581","0.0010658408282324672","0.001031736028380692","0.0010999456280842423"
"406","0.06904246285557747","0.068281389772892","0.06980353593826294","0.000034155803859903244","0.00000457557962363353","0.00006373602809617296","0.0024206856032833457","0.0014814476016908884","0.003359923604875803"
"408","0.06858815997838974","0.06821379065513611","0.06896252930164337","0.00000818125363366562","0.000005266477273835335","0.000011096029993495904","0.0010599957022350281","0.000934553041588515","0.0011854383628815413"
"410","0.0696345902979374","0.06898030638694763","0.07028887420892715","0.000018126538407159387","0.0000033850333238660824","0.00003286804349045269","0.002143187215551734","0.0021149429958313704","0.0021714314352720976"
"412","0.0686592347919941","0.06807373464107513","0.06924473494291306","0.000016114425420710177","0.000003200612127329805","0.00002902823871409055","0.0013260740088298917","0.0011872687609866261","0.0014648792566731572"
"414","0.06816159188747406","0.06659817695617676","0.06972500681877136","0.0003197206430058941","0.0000019436495222180383","0.0006374976364895701","0.002363435924053192","0.0012984760105609894","0.003428395837545395"
"416","0.06742848828434944","0.0662381574511528","0.06861881911754608","0.000006018194198986748","0.000005698561835743021","0.000006337826562230475","0.0013254458899609745","0.0012840388808399439","0.001366852899082005"
"418","0.0669621080160141","0.06588757038116455","0.06803664565086365","0.00003157451681090606","0.0000017868812847154913","0.00006136215233709663","0.0013094223104417324","0.0011689523234963417","0.001449892297387123"
"420","0.06777918711304665","0.0669797956943512","0.0685785785317421","0.000022413679175770085","0.0000033025405627995497","0.00004152481778874062","0.0013065688544884324","0.0011560245184227824","0.0014571131905540824"
"422","0.06778397411108017","0.06764252483844757","0.06792542338371277","0.00000780986715653853","0.000006477093393186806","0.000009142640919890255","0.0012625718372873962","0.0011586829787120223","0.00136646069586277"
"424","0.06760294362902641","0.06743386387825012","0.0677720233798027","0.0009631930184639259","7.17939826699876e-7","0.001925668097101152","0.0012942255998495966","0.0009517460712231696","0.0016367051284760237"
"426","0.06759024038910866","0.06608160585165024","0.06909887492656708","0.0005693354458458089","9.812043799684034e-7","0.0011376896873116493","0.0015132398111745715","0.0013308068737387657","0.0016956727486103773"
"428","0.06821944192051888","0.06749382615089417","0.06894505769014359","0.00003849366191843728","0.0000010939199910353636","0.0000758934038458392","0.0013948357664048672","0.0013795348349958658","0.0014101366978138685"
"430","0.06866193935275078","0.06781338155269623","0.06951049715280533","0.000058653094129113015","0.000024793318516458385","0.00009251286974176764","0.0014423405518755317","0.001065126503817737","0.0018195545999333262"
"432","0.06711740791797638","0.06695796549320221","0.06727685034275055","0.000030434338555096474","0.0000012026960121147567","0.00005966598109807819","0.001502170751336962","0.0012665791437029839","0.0017377623589709401"
"434","0.06799250468611717","0.06623239815235138","0.06975261121988297","0.00003310240947484999","0.000002352950332351611","0.00006385186861734837","0.0012972506810911","0.00122099241707474","0.00137350894510746"
"436","0.06863715127110481","0.06844761967658997","0.06882668286561966","0.000015429329124572178","8.749280482334143e-7","0.00002998373020091094","0.0014517001691274345","0.0014018557267263532","0.0015015446115285158"
"438","0.06899717450141907","0.06870149075984955","0.06929285824298859","0.000008697108995647795","5.167393624105898e-7","0.000016877478628885","0.0015425048186443746","0.001446490758098662","0.0016385188791900873"
"440","0.06905053928494453","0.06832718104124069","0.06977389752864838","0.000046828538415866205","5.969241101411171e-7","0.0000930601527215913","0.0020172743825241923","0.0019124278333038092","0.0021221209317445755"
"442","0.06856296956539154","0.06581959128379822","0.07130634784698486","0.00004717580733881732","5.379274057304428e-7","0.0000938136872719042","0.0011862266692332923","0.0011578859994187951","0.0012145673390477896"
"444","0.06882952898740768","0.06836055219173431","0.06929850578308105","0.000023801010144097745","3.4009173077720334e-7","0.00004726192855741829","0.0013878665049560368","0.0013018815079703927","0.001473851501941681"
"446","0.06875934451818466","0.06761576980352402","0.0699029192328453","0.000019433911944588544","5.039840402787377e-7","0.00003836383984889835","0.0014766749809496105","0.0013141699600964785","0.0016391800018027425"
"448","0.06795673072338104","0.0664723739027977","0.06944108754396439","0.000022514234345294426","4.308648442474805e-7","0.00004459760384634137","0.0011969271581619978","0.0011339900083839893","0.0012598643079400063"
"450","0.06838620454072952","0.06788310408592224","0.0688893049955368","0.00003625520749039879","2.8901231985400955e-7","0.00007222140266094357","0.0012795081711374223","0.0012711165472865105","0.0012878997949883342"
"452","0.06873312592506409","0.0668211430311203","0.07064510881900787","0.000010900940523583813","2.4049379021562345e-7","0.000021561387256952003","0.0016175489872694016","0.0015218342887237668","0.0017132636858150363"
"454","0.06924451887607574","0.06919475644826889","0.0692942813038826","0.0000041207674712495646","0.0000020732904886244796","0.0000061682444538746495","0.0017916111391969025","0.0015280836960300803","0.0020551385823637247"
"456","0.06879949197173119","0.06736957281827927","0.0702294111251831","0.000004959144249028213","3.28658217085831e-7","0.000009589630280970596","0.002972543006762862","0.002292446093633771","0.0036526399198919535"
"458","0.06774227693676949","0.0675453245639801","0.06793922930955887","0.000023515823443176487","5.766947879237705e-7","0.0000464549520984292","0.002670541813131422","0.0016887903911992908","0.003652293235063553"
"460","0.06874599307775497","0.06790265440940857","0.06958933174610138","0.00015350787933243737","3.2977965247482643e-7","0.0003066859790123999","0.0018525717896409333","0.001800371566787362","0.0019047720124945045"
"462","0.06735716015100479","0.06708982586860657","0.06762449443340302","0.0000013530336673284182","5.750478067056974e-7","0.000002131019527951139","0.0019400625606067479","0.0012227826518937945","0.002657342469319701"
"464","0.06741628795862198","0.0667760968208313","0.06805647909641266","0.000024656120842792006","5.458888381326688e-7","0.000048766352847451344","0.0026549684116616845","0.00216839206404984","0.003141544759273529"
"466","0.06825881078839302","0.06711037456989288","0.06940724700689316","0.00009842201134802053","4.005885898550332e-7","0.00019644343410618603","0.0014351672143675387","0.001224457286298275","0.0016458771424368024"
"468","0.06769543886184692","0.06718280166387558","0.06820807605981827","0.001977966727281455","2.3814209271222353e-7","0.003955695312470198","0.0026859503122977912","0.001938633737154305","0.0034332668874412775"
"470","0.0669582448899746","0.06675788760185242","0.06715860217809677","0.00008818725640935554","1.5943413700370002e-7","0.00017621507868170738","0.0024195133009925485","0.001595156267285347","0.00324387033469975"
"472","0.06775025278329849","0.06685434281826019","0.06864616274833679","0.0004831003996628169","1.9571382381400326e-7","0.0009660050855018198","0.001339292444754392","0.0010802372125908732","0.0015983476769179106"
"474","0.0684826709330082","0.06842649728059769","0.0685388445854187","0.00006472941004176391","0.000010310117431799881","0.00011914870265172794","0.001693120168056339","0.0014766153180971742","0.0019096250180155039"
"476","0.06783756241202354","0.06715524196624756","0.06851988285779953","0.000020944922738408422","4.769973998008936e-7","0.00004141284807701595","0.001377454085741192","0.001302296295762062","0.0014526118757203221"
"478","0.06738260388374329","0.0668773278594017","0.06788787990808487","0.000036754667092964155","1.991645035559486e-7","0.00007331016968237236","0.0013492685975506902","0.0011422657407820225","0.0015562714543193579"
"480","0.06625484675168991","0.06578700989484787","0.06672268360853195","0.000021500193650325627","1.1341565908651319e-7","0.00004288697164156474","0.0013871797127649188","0.0011161004658788443","0.0016582589596509933"
"482","0.06664686277508736","0.0657895877957344","0.06750413775444031","0.00003659098926789284","8.811579732537211e-8","0.0000730938627384603","0.0013285372988320887","0.0012916543055325747","0.0013654202921316028"
"484","0.06705783307552338","0.06582920998334885","0.0682864561676979","0.000003062042086554584","1.0001281935956285e-7","0.000006024071353749605","0.001276089227758348","0.0011285747168585658","0.0014236037386581302"
"486","0.06580125913023949","0.06460469961166382","0.06699781864881516","0.000016222992499592692","2.1536268945965276e-7","0.00003223062230972573","0.0014978935359977186","0.001315623871050775","0.001680163200944662"
"488","0.06654384732246399","0.06618106365203857","0.0669066309928894","0.000005080453888695047","0.0000011122685918962816","0.000009048639185493812","0.0013817691942676902","0.0012774139177054167","0.0014861244708299637"
"490","0.06667476147413254","0.06649057567119598","0.06685894727706909","0.00004965474272466963","0.000017671567547949962","0.0000816379179013893","0.0013176269712857902","0.0010322302114218473","0.001603023731149733"
"492","0.06793395429849625","0.06766000390052795","0.06820790469646454","0.0003114795472356491","0.000012409684131853282","0.0006105494103394449","0.001285998267121613","0.0012813620269298553","0.0012906345073133707"
"494","0.06620675697922707","0.06560200452804565","0.06681150943040848","0.00016864026383700548","0.000008348424671567045","0.0003289321030024439","0.0010678528633434325","0.0009631829452700913","0.0011725227814167738"
"496","0.06789381057024002","0.06722619384527206","0.06856142729520798","0.00002024763307417743","0.000009020990546559915","0.00003147427560179494","0.0014983346918597817","0.0013389931991696358","0.0016576761845499277"
"498","0.0682615153491497","0.06823952496051788","0.06828350573778152","0.00001519043826192501","0.000012736286407744046","0.000017644590116105974","0.0012930933153256774","0.001220895443111658","0.0013652911875396967"
"500","0.06658199802041054","0.06651538610458374","0.06664860993623734","0.00006387436553723091","0.0000023086024611984612","0.00012544012861326337","0.0014402850065380335","0.0013537408085539937","0.0015268292045220733"
"502","0.06710189953446388","0.06694791465997696","0.0672558844089508","0.000022396254280465655","0.0000033195865398738533","0.00004147292202105746","0.0012596416636370122","0.0011935310903936625","0.001325752236880362"
"504","0.06709123030304909","0.06575370579957962","0.06842875480651855","0.0009126909400833938","0.00000151700294281909","0.0018238648772239685","0.0011775594903156161","0.0011450267629697919","0.0012100922176614404"
"506","0.06714745238423347","0.06649935245513916","0.06779555231332779","0.0001870814060112025","0.000007451521469192812","0.00036671129055321217","0.0014669396914541721","0.0014594020321965218","0.0014744773507118225"
"508","0.06675995886325836","0.06621912866830826","0.06730078905820847","0.000014899249208610854","0.0000012567174962896388","0.00002854178092093207","0.00248469429789111","0.001205819076858461","0.0037635695189237595"
"510","0.06691422685980797","0.06565530598163605","0.06817314773797989","0.000009713999588711886","0.000004083666681253817","0.000015344332496169955","0.0010117253987118602","0.0009136294247582555","0.0011098213726654649"
"512","0.06553434580564499","0.06546247750520706","0.06560621410608292","0.000007211813567664649","0.0000024038006358750863","0.000012019826499454211","0.0011008577712345868","0.0009307428845204413","0.0012709726579487324"
"514","0.06581232324242592","0.0657450258731842","0.06587962061166763","0.000003983955139119644","0.000002801964001264423","0.000005165946276974864","0.001755481818690896","0.0012714359909296036","0.0022395276464521885"
"516","0.06658220291137695","0.06615039706230164","0.06701400876045227","0.0000026986617740476504","0.0000010969788490911014","0.000004300344699004199","0.0012928795767948031","0.001105321105569601","0.0014804380480200052"
"518","0.06718225032091141","0.06699627637863159","0.06736822426319122","0.0000029091361852806585","0.0000011452690387159237","0.000004673003331845393","0.0018216344760730863","0.0016225934959948063","0.0020206754561513662"
"520","0.0670897327363491","0.06593417376279831","0.0682452917098999","0.0000022825289534011972","0.0000016062083432188956","0.000002958849563583499","0.0012954455451108515","0.0012001367285847664","0.0013907543616369367"
"522","0.06642225384712219","0.06443014740943909","0.0684143602848053","0.0000011758298228414787","7.22555341781117e-7","0.0000016291043039018405","0.001357688452117145","0.0013517170445993543","0.0013636598596349359"
"524","0.06685202941298485","0.06607458740472794","0.06762947142124176","6.147172371129273e-7","4.954753194397199e-7","7.339591547861346e-7","0.0019158158102072775","0.0015665729297325015","0.0022650586906820536"
"526","0.06649718433618546","0.06474149972200394","0.06825286895036697","0.00006131707559120514","5.556022983910225e-7","0.00012207854888401926","0.0014084563008509576","0.001159170176833868","0.0016577424248680472"
"528","0.06663606688380241","0.06503310799598694","0.06823902577161789","0.000003396567308300291","0.000002116475116054062","0.0000046766595005465206","0.0014914891216903925","0.0014662257162854075","0.0015167525270953774"
"530","0.06777132675051689","0.0674731582403183","0.06806949526071548","0.000001415847151520211","8.0014211789603e-7","0.000002031552185144392","0.0016373341786675155","0.0015140061732381582","0.0017606621840968728"
"532","0.06712085753679276","0.06658284366130829","0.06765887141227722","0.000008984474106910056","0.0000060180768741702195","0.000011950871339649893","0.0012890350189991295","0.0012461927253752947","0.0013318773126229644"
"534","0.06558581814169884","0.06471145153045654","0.06646018475294113","0.00000236264156683319","9.075104117073352e-7","0.000003817772721959045","0.0012363295536488295","0.0011109290644526482","0.0013617300428450108"
"536","0.06784823164343834","0.06510169059038162","0.07059477269649506","0.000004755907639264478","0.000004591398010234116","0.000004920417268294841","0.0013147362624295056","0.0012712444877251983","0.001358228037133813"
"538","0.06625699251890182","0.06574885547161102","0.06676512956619263","0.0000019823636421278934","0.0000017401864624844166","0.0000022245408217713702","0.00148964166874066","0.0010473061120137572","0.0019319772254675627"
"540","0.06618313118815422","0.06590041518211365","0.0664658471941948","0.0000030855969157528307","0.0000012610165640580817","0.00000491017726744758","0.0011737855966202915","0.0010660389671102166","0.0012815322261303663"
"542","0.06701904535293579","0.06635113060474396","0.06768696010112762","0.0000011995447266599513","0.000001139159508056764","0.0000012599299452631385","0.0012426660396158695","0.0011183012975379825","0.0013670307816937566"
"544","0.06883079186081886","0.06819181889295578","0.06946976482868195","7.147298077825326e-7","2.483988907897583e-7","0.0000011810607247753069","0.0010622440604493022","0.0009978001471608877","0.0011266879737377167"
"546","0.06717726960778236","0.06559871137142181","0.06875582784414291","2.54308453406793e-7","2.060188393215867e-7","3.0259806749199925e-7","0.0010738037526607513","0.0010361188324168324","0.0011114886729046702"
"548","0.06706656888127327","0.06691360473632812","0.06721953302621841","6.045253257980221e-7","2.863353643078881e-7","9.227152872881561e-7","0.0014081369736231863","0.001141718472354114","0.0016745554748922586"
"550","0.06572679430246353","0.06545282155275345","0.06600076705217361","2.3706208907015025e-7","1.7017605102864763e-7","3.0394812711165287e-7","0.0011486363946460187","0.0010915790917351842","0.0012056936975568533"
"552","0.06643012911081314","0.0659172385931015","0.06694301962852478","6.044569005325684e-7","4.5234625645207416e-7","7.565675446130626e-7","0.0013234774523880333","0.0009508821531198919","0.0016960727516561747"
"554","0.06633098423480988","0.06624729186296463","0.06641467660665512","5.219633436581717e-7","1.477296507346182e-7","8.961970365817251e-7","0.0018415114027447999","0.0014353242004290223","0.0022476986050605774"
"556","0.06525938585400581","0.06474181264638901","0.06577695906162262","3.2595474408481095e-7","1.2422373174558743e-7","5.276857564240345e-7","0.0013620186364278197","0.001304126693867147","0.0014199105789884925"
"558","0.06880193948745728","0.06859170645475388","0.06901217252016068","3.8335721086468766e-7","2.0618470841782255e-7","5.605297133115528e-7","0.0010603391274344176","0.0009242187370546162","0.001196459517814219"
"560","0.06711340695619583","0.06569914519786835","0.06852766871452332","3.634395682183822e-7","2.436573822706123e-7","4.832217541661521e-7","0.0014320927439257503","0.0012160118203610182","0.0016481736674904823"
"562","0.06671738624572754","0.06643542647361755","0.06699934601783752","0.0009698916867932894","0.000001643120981498214","0.0019381402526050806","0.0017154891975224018","0.0014961091801524162","0.0019348692148923874"
"564","0.0653657391667366","0.06516732275485992","0.06556415557861328","0.00023094415933400114","1.72957797417439e-7","0.00046171536087058485","0.0012581399641931057","0.001164412940852344","0.0013518669875338674"
"566","0.06698926165699959","0.06615275144577026","0.06782577186822891","0.000038241762368329546","2.706335919810954e-7","0.000076212891144678","0.0013982073869556189","0.0011982220457866788","0.001598192728124559"
"568","0.06564560905098915","0.065158911049366","0.0661323070526123","0.000019863215577231585","1.7986984346407553e-7","0.000039546561310999095","0.001926668919622898","0.0012932743411511183","0.002560063498094678"
"570","0.0665123201906681","0.06635244190692902","0.0666721984744072","0.000006130109753144097","3.7578675460281374e-7","0.000011884432751685381","0.0021896320395171642","0.0017922921106219292","0.0025869719684123993"
"572","0.0661204531788826","0.06577324122190475","0.06646766513586044","0.000016295904053720278","4.451065649391239e-8","0.000032547297450946644","0.001511195849161595","0.0012205973034724593","0.001801794394850731"
"574","0.06550125032663345","0.06486442685127258","0.06613807380199432","0.0007883427606429905","0.0007475095335394144","0.0008291759877465665","0.002088080276735127","0.001426642294973135","0.002749518258497119"
"576","0.06686550751328468","0.06577128916978836","0.067959725856781","0.000060258078519837","0.0000579861989535857","0.0000625299580860883","0.001611732761375606","0.0013113492168486118","0.0019121163059026003"
"578","0.06635456532239914","0.06507061421871185","0.06763851642608643","0.000039541271689813584","0.00002004662383114919","0.00005903591954847798","0.0016531458823010325","0.0015812291530892253","0.0017250626115128398"
"580","0.06581338495016098","0.0650615319609642","0.06656523793935776","0.00009619005822969484","0.000013852112715539988","0.0001785280037438497","0.0014817407936789095","0.0013338348362594843","0.0016296467510983348"
"582","0.06648929044604301","0.06602846086025238","0.06695012003183365","0.000018355589418206364","0.000014833249224466272","0.000021877929611946456","0.0015642154030501842","0.0011409199796617031","0.0019875108264386654"
"584","0.06689706444740295","0.0646352544426918","0.0691588744521141","0.000007588530252178316","0.000004849189735978143","0.000010327870768378489","0.001606572128366679","0.00141307117883116","0.0018000730779021978"
"586","0.0667320229113102","0.06618337333202362","0.06728067249059677","0.00000444232296104019","0.000003860446668113582","0.000005024199253966799","0.0014521527918986976","0.0014455423224717379","0.0014587632613256574"
"588","0.06588177755475044","0.06550010293722153","0.06626345217227936","0.000008993363849185698","0.0000029601553706015693","0.000015026572327769827","0.0019786948105320334","0.0011282386258244514","0.0028291509952396154"
"590","0.06581437960267067","0.06535255163908005","0.06627620756626129","0.000006024630351930682","0.0000019554856862669112","0.000010093775017594453","0.001957189873792231","0.001421105582267046","0.002493274165317416"
"592","0.06645902618765831","0.06574621051549911","0.0671718418598175","0.0000021942367993688094","0.0000013763688002654817","0.000003012104798472137","0.002430274151265621","0.0021261111833155155","0.002734437119215727"
"594","0.06934609264135361","0.06933742016553879","0.06935476511716843","0.001316246617534489","0.000023779075490892865","0.002608714159578085","0.001974505838006735","0.0017658856231719255","0.002183126052841544"
"596","0.06652019917964935","0.06562482565641403","0.06741557270288467","0.00037729479447534686","0.000002118550810337183","0.0007524710381403565","0.0017438065260648727","0.001468172064051032","0.0020194409880787134"
"598","0.06694462522864342","0.0657283365726471","0.06816091388463974","0.00005260471084511664","0.0000028925992410222534","0.00010231682244921103","0.002320662431884557","0.001727187423966825","0.002914137439802289"